id,string_key,EN,KO,ZH_CN,ZH_TW,JA,RU,ES,PT,FR,DE,TH,AR,IT,TR,ID
1,app.title,SIGNAL SORT,시그널 소트,,,,,,,,,,,,,
2,boot.loading,Loading...,로딩 중...,,,,,,,,,,,,,
3,boot.new_guest_session,Your previous session expired and you have been signed in as a new guest account. Link your account in Settings to keep your progress.,이전 세션이 만료되어 새 게스트 계정으로 로그인되었습니다. 설정에서 계정을 연동하면 진행 데이터를 보호할 수 있습니다.,,,,,,,,,,,,,
4,common.btn_cancel,Cancel,취소,,,,,,,,,,,,,
5,common.btn_confirm,Confirm,확인,,,,,,,,,,,,,
6,common.btn_ok,OK,확인,,,,,,,,,,,,,
7,common.btn_retry,Retry,다시 시도,,,,,,,,,,,,,
8,common.btn_next,Next,다음,,,,,,,,,,,,,
9,common.btn_play,Play,플레이,,,,,,,,,,,,,
10,common.btn_close,Close,닫기,,,,,,,,,,,,,
11,common.btn_map,Lobby,로비,,,,,,,,,,,,,
12,common.settings,Settings,설정,,,,,,,,,,,,,
13,common.guest,Guest,게스트,,,,,,,,,,,,,
14,error.network_check,Check your network connection.,네트워크 연결을 확인해 주세요.,,,,,,,,,,,,,
15,popup.network_error.title,Network Error,네트워크 오류,,,,,,,,,,,,,
16,popup.reward.title,Reward!,보상!,,,,,,,,,,,,,
17,popup.relogin.title,Session Expired,세션 만료,,,,,,,,,,,,,
18,popup.relogin.btn_relogin,Re-login,다시 로그인,,,,,,,,,,,,,
19,popup.relogin.btn_guest,Continue as Guest,게스트로 계속,,,,,,,,,,,,,
20,popup.result.title,Stage Clear!,스테이지 클리어!,,,,,,,,,,,,,
21,popup.stuck.title,Stuck Detected,교착 상태,,,,,,,,,,,,,
22,popup.stuck.body,No valid chip moves remain.,더 이상 유효한 칩 이동이 없습니다.,,,,,,,,,,,,,
23,popup.fail.btn_forfeit,Give Up,포기,,,,,,,,,,,,,
24,popup.pause.title,Paused,일시정지,,,,,,,,,,,,,
25,popup.pause.btn_resume,Resume,재개,,,,,,,,,,,,,
26,popup.pause.btn_restart,Restart,처음부터,,,,,,,,,,,,,
27,popup.pause.btn_stage_select,Stage Select,스테이지 선택,,,,,,,,,,,,,
28,popup.settings.bgm,BGM,배경음악,,,,,,,,,,,,,
29,popup.settings.sfx,SFX,효과음,,,,,,,,,,,,,
30,popup.settings.screen_shake,Screen Shake,화면 흔들림,,,,,,,,,,,,,
31,popup.settings.account,Account →,계정 →,,,,,,,,,,,,,
32,popup.account.btn_link,Link Account,계정 연동,,,,,,,,,,,,,
33,popup.account.btn_switch,Switch Account,계정 전환,,,,,,,,,,,,,
34,popup.account_restart.title,Game Restart Required,게임 재시작 필요,,,,,,,,,,,,,
35,popup.account_restart.body,Account changes have been applied. The game will now restart.,계정 변경사항이 적용되었습니다. 게임을 재시작합니다.,,,,,,,,,,,,,
36,popup.account_restart.confirm,Restart,재시작,,,,,,,,,,,,,
37,popup.account_conflict.title,Account Data Conflict,계정 데이터 충돌,,,,,,,,,,,,,
38,popup.account_conflict.body,Your device data and Google account data differ. Choose which data to keep.,현재 기기 데이터와 Google 계정 데이터가 다릅니다. 유지할 데이터를 선택하세요.,,,,,,,,,,,,,
39,popup.account_conflict.local_label,Current Data,현재 데이터,,,,,,,,,,,,,
40,popup.account_conflict.cloud_label,Google Account Data,Google 계정 데이터,,,,,,,,,,,,,
41,popup.account_conflict.stage_fmt,Stage {0},스테이지 {0},,,,,,,,,,,,,
42,popup.account_conflict.gold_fmt,Gold: {0},골드: {0},,,,,,,,,,,,,
43,popup.account_conflict.stars_fmt,★ {0},★ {0},,,,,,,,,,,,,
44,popup.account_conflict.items_fmt,Items: {0},아이템: {0},,,,,,,,,,,,,
45,popup.account_conflict.btn_keep_local,Keep Current,현재 유지,,,,,,,,,,,,,
46,popup.account_conflict.btn_keep_cloud,Use Google Data,Google 데이터 사용,,,,,,,,,,,,,
47,toast.account_already_active,This account is already active.,이미 활성화된 계정입니다.,,,,,,,,,,,,,
48,popup.stage_info.title,Stage {0},스테이지 {0},,,,,,,,,,,,,
49,popup.stage_info.best_stars,Best: {0} Stars,최고 기록: 별 {0}개,,,,,,,,,,,,,
50,popup.stage_info.best_moves,Best: {0} Moves,최고 기록: {0} 이동,,,,,,,,,,,,,
51,popup.stage_info.no_record,No Record,기록 없음,,,,,,,,,,,,,
52,popup.stage_info.owned_items,Owned Items,보유 아이템,,,,,,,,,,,,,
53,popup.stage_info.item_count_fmt,×{0},×{0},,,,,,,,,,,,,
54,popup.result.failed,Stage Failed,스테이지 실패,,,,,,,,,,,,,
55,popup.result.clear_title,Stage {0} Clear!,스테이지 {0} 클리어!,,,,,,,,,,,,,
56,popup.result.moves,Moves: {0},이동: {0},,,,,,,,,,,,,
57,popup.result.best_moves,Best Moves: {0},최고 이동: {0},,,,,,,,,,,,,
58,popup.result.rank,Stage Rank: #{0},스테이지 순위: #{0},,,,,,,,,,,,,
59,popup.result.new_best,New Best,최고 기록 달성,,,,,,,,,,,,,
60,popup.stuck.btn_add_lane_ad,Watch Ad: Add Lane,광고 보기: 레인 추가,,,,,,,,,,,,,
61,lobby.ranking.stars_title,Star Ranking,스타 랭킹,,,,,,,,,,,,,
62,lobby.ranking.stage_title,Max Stage Ranking,최고 스테이지 랭킹,,,,,,,,,,,,,
63,lobby.ranking.my_rank_empty,My Rank: -,내 순위: -,,,,,,,,,,,,,
64,lobby.ranking.my_rank_format,My Rank: #{0}  ({1}),내 순위: #{0}  ({1}),,,,,,,,,,,,,
65,lobby.ranking.loading,Loading...,로딩 중...,,,,,,,,,,,,,
66,lobby.ranking.no_data,No ranking data,랭킹 정보 없음,,,,,,,,,,,,,
67,lobby.ranking.default_title,Ranking,랭킹,,,,,,,,,,,,,
68,lobby.ranking.unavailable,Ranking unavailable,랭킹을 이용할 수 없습니다.,,,,,,,,,,,,,
69,ingame.moves_label,MOVES,이동,,,,,,,,,,,,,
70,ingame.signals_label,SIGNALS,신호,,,,,,,,,,,,,
71,common.btn_claim,Claim,받기,,,,,,,,,,,,,
72,lobby.ranking.tab_stars,Stars,스타,,,,,,,,,,,,,
73,lobby.ranking.tab_max_stage,Max Stage,최고 스테이지,,,,,,,,,,,,,
74,nav.home,Home,홈,,,,,,,,,,,,,
75,nav.shop,Shop,상점,,,,,,,,,,,,,
76,nav.ranking,Rank,랭킹,,,,,,,,,,,,,
82,item.name.add_lane,Add Lane,레인 추가,,,,,,,,,,,,,
83,item.desc.add_lane,Adds one empty Slot Lane during a stage.,스테이지 중 빈 Slot Lane을 1개 추가합니다.,,,,,,,,,,,,,
84,item.name.shuffle,Shuffle,셔플,,,,,,,,,,,,,
85,item.desc.shuffle,Rearranges unfinished Signal Chips.,완성되지 않은 Signal Chip을 다시 섞습니다.,,,,,,,,,,,,,
86,item.name.hint,Hint,힌트,,,,,,,,,,,,,
87,item.desc.hint,Highlights one valid chip move.,가능한 칩 이동 1개를 표시합니다.,,,,,,,,,,,,,
88,item.name.undo,Undo,되돌리기,,,,,,,,,,,,,
89,item.desc.undo,Reverts the previous chip move.,직전 칩 이동을 되돌립니다.,,,,,,,,,,,,,
90,tut.select_chip,Select the top Signal Chip.,맨 위 Signal Chip을 선택하세요.,,,,,,,,,,,,,
91,tut.move_chip,Move it to an empty lane or matching chip.,빈 레인이나 같은 칩 위로 이동하세요.,,,,,,,,,,,,,
92,tut.moves_explain,Moves are counted; play at your pace.,이동 횟수는 기록되며 천천히 풀어도 괜찮습니다.,,,,,,,,,,,,,
93,tut.signal_panel_explain,Complete sets light the Signal Panel.,세트를 완성하면 Signal Panel이 점등됩니다.,,,,,,,,,,,,,
94,tut.star_explain,Fewer moves earn more stars.,이동 횟수가 적을수록 더 많은 별을 얻습니다.,,,,,,,,,,,,,
95,tut.free_sort,Now sort the signals on your own!,이제 직접 신호를 정렬해 보세요!,,,,,,,,,,,,,
96,tut.locked_lane_what,This lane unlocks after a required signal set.,이 레인은 필요한 신호 세트 완성 후 열립니다.,,,,,,,,,,,,,
97,tut.frozen_chip_what,This chip cannot move until it is released.,이 칩은 해제되기 전까지 이동할 수 없습니다.,,,,,,,,,,,,,
98,tut.relay_node_what,Signal sets must complete in the shown order.,신호 세트는 표시된 순서대로 완성해야 합니다.,,,,,,,,,,,,,
99,tut.overload_chip_what,This chip can move only onto the same signal type.,이 칩은 같은 신호 타입 위로만 이동할 수 있습니다.,,,,,,,,,,,,,
100,tut.booster_hint_prompt,Try using a booster!,부스터를 사용해 보세요!,,,,,,,,,,,,,
106,chapter.name_fmt,Chapter {0},챕터 {0},,,,,,,,,,,,,
107,popup.account.btn_save,Save,저장,,,,,,,,,,,,,
108,popup.account.label_nickname,NICKNAME,닉네임,,,,,,,,,,,,,
109,popup.account.label_select_avatar,SELECT AVATAR,아바타 선택,,,,,,,,,,,,,
110,popup.account.tab_avatars,Avatars,아바타,,,,,,,,,,,,,
111,popup.account.tab_board_skins,Board Skins,보드 스킨,,,,,,,,,,,,,
112,popup.account.placeholder_nickname,Enter nickname...,닉네임 입력...,,,,,,,,,,,,,
113,popup.buy.title,Buy Item,아이템 구매,,,,,,,,,,,,,
114,popup.buy.cost_fmt,Cost: {0} Gold,비용: {0} 골드,,,,,,,,,,,,,
115,popup.buy.gold_fmt,Owned: {0} Gold,보유: {0} 골드,,,,,,,,,,,,,
116,popup.fail.watch_ad,Watch Ad,광고 보기,,,,,,,,,,,,,
117,chapter.locked,Locked,잠김,,,,,,,,,,,,,
118,popup.settings.haptic,Haptic,진동,,,,,,,,,,,,,
119,popup.settings.language,Language,언어,,,,,,,,,,,,,
120,popup.settings.lang.KO,Korean,한국어,,,,,,,,,,,,,
121,popup.settings.lang.EN,English,영어,,,,,,,,,,,,,
122,common.loading,Loading,로딩 중,,,,,,,,,,,,,
123,common.gold,Gold,골드,,,,,,,,,,,,,
124,currency.desc.gold,The main currency used to purchase items.,아이템 구매에 사용되는 기본 재화.,,,,,,,,,,,,,
125,common.btn_unlock,Unlock,잠금 해제,,,,,,,,,,,,,
126,common.btn_switch,Switch,전환,,,,,,,,,,,,,
127,error.ad_failed,Ad watching failed.,광고 시청에 실패했습니다.,,,,,,,,,,,,,
128,error.server_unstable,Server connection is unstable. Please try again later.,서버 연결이 불안정합니다. 잠시 후 다시 시도해 주세요.,,,,,,,,,,,,,
129,popup.stuck.shuffle_cost_fmt,Shuffle: {0} Gold,셔플: {0} 골드,,,,,,,,,,,,,
130,popup.account.confirm_unlock_theme_title,Unlock Theme,테마 잠금 해제,,,,,,,,,,,,,
131,popup.account.confirm_unlock_theme_body_fmt,Unlock this board theme for {0} Gold?,이 보드 테마를 {0} 골드로 잠금 해제할까요?,,,,,,,,,,,,,
132,popup.account.confirm_failed_unlock_theme,Failed to unlock board theme.,보드 테마 잠금 해제에 실패했습니다.,,,,,,,,,,,,,
133,popup.account.confirm_unlock_avatar_title,Unlock Avatar,아바타 잠금 해제,,,,,,,,,,,,,
134,popup.account.confirm_unlock_avatar_body_fmt,Unlock this avatar for {0} Gold?,이 아바타를 {0} 골드로 잠금 해제할까요?,,,,,,,,,,,,,
135,popup.account.confirm_failed_unlock_avatar,Failed to unlock avatar.,아바타 잠금 해제에 실패했습니다.,,,,,,,,,,,,,
136,popup.account.confirm_switch_title,Switch Account,계정 전환,,,,,,,,,,,,,
137,popup.account.confirm_switch_body,Switching accounts will replace local data with the new account data. Your current account data is preserved on the server.,계정을 전환하면 현재 기기의 데이터가 새 계정의 데이터로 교체됩니다. 현재 계정 데이터는 서버에 보관됩니다.,,,,,,,,,,,,,
138,toast.insufficient_gold,Insufficient Gold!,골드 부족!,,,,,,,,,,,,,
139,toast.stage_locked,Stage is locked!,스테이지가 잠겨 있습니다!,,,,,,,,,,,,,
140,toast.booster_purchased,Purchased booster!,부스터를 구매했습니다!,,,,,,,,,,,,,
141,toast.add_lane_granted,Add Lane applied!,레인이 추가되었습니다!,,,,,,,,,,,,,
142,toast.ad_cancelled,Ad failed or was cancelled.,광고를 불러오지 못했거나 취소되었습니다.,,,,,,,,,,,,,
143,toast.ad_service_unavailable,Ad service is not available.,광고 서비스를 사용할 수 없습니다.,,,,,,,,,,,,,
144,toast.stuck_resolved,Stuck resolved!,교착 상태가 해소되었습니다!,,,,,,,,,,,,,
145,toast.chapter_unlock_requirement,3-star all stages in this chapter to unlock!,챕터의 모든 스테이지를 3성으로 클리어해야 해제됩니다!,,,,,,,,,,,,,
146,toast.chest_claimed,Chest Claimed!,보물상자 획득!,,,,,,,,,,,,,
147,toast.nickname_length_error,Nickname must be between 2 and 24 characters.,닉네임은 2~24자여야 합니다.,,,,,,,,,,,,,
148,toast.nickname_char_error,Only letters numbers spaces underscores and hyphens are allowed.,영문자·숫자·공백·밑줄·하이픈만 사용할 수 있습니다.,,,,,,,,,,,,,
149,toast.nickname_updated,Nickname updated successfully!,닉네임이 성공적으로 업데이트되었습니다!,,,,,,,,,,,,,
150,toast.nickname_update_failed,Failed to update nickname.,닉네임 업데이트에 실패했습니다.,,,,,,,,,,,,,
151,toast.theme_not_enough_gold,Not enough gold to unlock this theme.,이 테마를 잠금 해제할 골드가 부족합니다.,,,,,,,,,,,,,
152,toast.theme_equipped,Board theme equipped!,보드 테마가 장착되었습니다!,,,,,,,,,,,,,
153,toast.theme_equip_failed,Failed to equip board theme.,보드 테마 장착에 실패했습니다.,,,,,,,,,,,,,
154,toast.theme_unlocked,Board theme unlocked and equipped!,보드 테마가 해제되고 장착되었습니다!,,,,,,,,,,,,,
155,toast.avatar_not_enough_gold,Not enough gold to unlock this avatar.,이 아바타를 잠금 해제할 골드가 부족합니다.,,,,,,,,,,,,,
156,toast.avatar_equipped,Avatar equipped!,아바타가 장착되었습니다!,,,,,,,,,,,,,
157,toast.avatar_equip_failed,Failed to equip avatar.,아바타 장착에 실패했습니다.,,,,,,,,,,,,,
158,toast.avatar_unlocked,Avatar unlocked and equipped!,아바타가 해제되고 장착되었습니다!,,,,,,,,,,,,,
159,toast.google_signin_not_configured,Google Sign-In is not configured.,Google 로그인이 설정되지 않았습니다.,,,,,,,,,,,,,
160,toast.google_signin_unavailable,Google Sign-In unavailable.,Google 로그인을 사용할 수 없습니다.,,,,,,,,,,,,,
161,toast.account_linked,Account linked successfully!,계정이 성공적으로 연동되었습니다!,,,,,,,,,,,,,
162,toast.account_switched,Account switched successfully!,계정이 성공적으로 전환되었습니다!,,,,,,,,,,,,,
163,toast.google_signin_android_only,Google Sign-In is only supported on Android.,Google 로그인은 안드로이드에서만 지원됩니다.,,,,,,,,,,,,,
164,toast.item_spend_failed,Failed to use item. Please try again.,아이템 사용에 실패했습니다. 다시 시도해 주세요.,,,,,,,,,,,,,
165,popup.stuck.restart_body,Restart this stage from the beginning?,이 스테이지를 처음부터 다시 시작할까요?,,,,,,,,,,,,,
166,popup.stuck.add_lane_ad_body,Watch an ad to add one empty Slot Lane immediately?,광고를 시청해서 빈 Slot Lane 1개를 즉시 추가할까요?,,,,,,,,,,,,,
167,popup.account.choose_avatar,Choose Avatar,아바타 선택,,,,,,,,,,,,,
168,popup.account.choose_board_theme,Choose Board Theme,보드 테마 선택,,,,,,,,,,,,,
169,toast.chest_claim_failed,Failed to claim chest.,보물상자 획득에 실패했습니다.,,,,,,,,,,,,,
170,popup.boot.continue_as_guest_title,Continue as Guest?,게스트로 계속할까요?,,,,,,,,,,,,,
171,popup.boot.continue_as_guest_body,Progress linked to your account will not be accessible.,계정에 연동된 진행 데이터에 접근할 수 없게 됩니다.,,,,,,,,,,,,,
172,shop.coming_soon,This package will be available for In-App Purchase in a future update.,이 패키지는 향후 업데이트에서 인앱 결제로 제공될 예정입니다.,,,,,,,,,,,,,
173,shop.starter_pack,Starter Pack,스타터 팩,,,,,,,,,,,,,
174,shop.item_bundle,Item Bundle,아이템 번들,,,,,,,,,,,,,
175,shop.remove_ads,Remove Ads,광고 제거,,,,,,,,,,,,,
176,popup.result.double_reward,Double Reward,보상 2배,,,,,,,,,,,,,
177,shop.iap.title,Shop,상점,,,,,,,,,,,,,
178,shop.iap.packages,Special Packages,스페셜 패키지,,,,,,,,,,,,,
179,shop.iap.no_ads.title,No Ads,광고 제거,,,,,,,,,,,,,
180,shop.iap.no_ads.desc,Permanently remove interstitial ads.,전면 광고를 영구적으로 제거합니다.,,,,,,,,,,,,,
181,shop.iap.no_ads.price,$1.99,$1.99,,,,,,,,,,,,,
182,shop.iap.starter.title,Starter Pack,스타터 팩,,,,,,,,,,,,,
183,shop.iap.starter.desc,"Get Gold, Signal Sort boosters, and Remove Ads!","골드, Signal Sort 부스터, 광고 제거 혜택을 한 번에!",,,,,,,,,,,,,
184,shop.iap.starter.price,$4.99,$4.99,,,,,,,,,,,,,
185,shop.iap.master.title,Master Bundle,마스터 번들,,,,,,,,,,,,,
186,shop.iap.master.desc,Huge stack of Signal Sort boosters for expert players.,숙련된 플레이어를 위한 대량의 Signal Sort 부스터 묶음.,,,,,,,,,,,,,
187,shop.iap.master.price,$9.99,$9.99,,,,,,,,,,,,,
188,shop.iap.purchased,Purchased,구매 완료,,,,,,,,,,,,,
189,toast.iap_purchase_success,Purchase successful!,구매가 성공적으로 완료되었습니다!,,,,,,,,,,,,,
190,toast.iap_already_owned,You already own this product.,이미 보유하고 있는 상품입니다.,,,,,,,,,,,,,
191,toast.iap_limit_reached,Purchase limit reached.,구매 한도에 도달했습니다.,,,,,,,,,,,,,
192,shop.reward.no_ads,Remove Ads,광고 제거,,,,,,,,,,,,,
193,shop.iap.tag.best_value,BEST VALUE,최고의 가치,,,,,,,,,,,,,
194,shop.iap.tag.popular,POPULAR,인기 상품,,,,,,,,,,,,,
195,shop.iap.tag.best_buy,BEST BUY,추천 상품,,,,,,,,,,,,,
196,shop.iap.limit.daily,Daily ({0}/{1}),일간 ({0}/{1}),,,,,,,,,,,,,
197,shop.iap.limit.weekly,Weekly ({0}/{1}),주간 ({0}/{1}),,,,,,,,,,,,,
198,shop.iap.limit.monthly,Monthly ({0}/{1}),월간 ({0}/{1}),,,,,,,,,,,,,
199,shop.iap.limit.none,Limit ({0}/{1}),구매 제한 ({0}/{1}),,,,,,,,,,,,,
200,shop.category.special_offer,Special Offer,스페셜 오퍼,,,,,,,,,,,,,
201,shop.category.bundle,Bundle,번들,,,,,,,,,,,,,
202,shop.cosmetic.section_title,Cosmetics,외관 커스터마이징,,,,,,,,,,,,,
203,shop.cosmetic.tab_chip,Chip,칩,,,,,,,,,,,,,
204,shop.cosmetic.tab_lane,Lane,레인,,,,,,,,,,,,,
205,shop.cosmetic.tab_board,Board,보드,,,,,,,,,,,,,
206,shop.cosmetic.btn_buy_apply,Buy & Apply,구매 및 적용,,,,,,,,,,,,,
207,shop.cosmetic.btn_apply,Apply,적용,,,,,,,,,,,,,
208,shop.cosmetic.applied,Applied,적용 중,,,,,,,,,,,,,
209,shop.cosmetic.locked_achievement,Achievement,업적,,,,,,,,,,,,,
210,shop.cosmetic.locked_attendance,Attendance,출석,,,,,,,,,,,,,
211,shop.cosmetic.locked_challenge,Challenge,챌린지,,,,,,,,,,,,,
212,cosmetic.chip_default.name,Circuit Board,회로 칩,,,,,,,,,,,,,
213,cosmetic.chip_default.desc,Default rounded circuit chip,기본 라운드 회로 칩,,,,,,,,,,,,,
214,cosmetic.chip_hex.name,Hex Grid,육각 격자,,,,,,,,,,,,,
215,cosmetic.chip_hex.desc,Hexagonal grid pattern chip,육각형 격자 패턴 칩,,,,,,,,,,,,,
216,cosmetic.chip_crystal.name,Crystal Shard,크리스탈 조각,,,,,,,,,,,,,
217,cosmetic.chip_crystal.desc,Diamond crystal pattern,다이아몬드형 결정 패턴,,,,,,,,,,,,,
218,cosmetic.chip_retro.name,Classic Dot,클래식 도트,,,,,,,,,,,,,
219,cosmetic.chip_retro.desc,Retro dot matrix,레트로 도트 매트릭스,,,,,,,,,,,,,
220,cosmetic.chip_neon.name,Neon Pulse,네온 펄스,,,,,,,,,,,,,
221,cosmetic.chip_neon.desc,Animated neon outline,네온 펄스 외곽선 애니메이션,,,,,,,,,,,,,
222,cosmetic.chip_platinum.name,Platinum Core,플래티넘 코어,,,,,,,,,,,,,
223,cosmetic.chip_platinum.desc,Platinum gloss inner pattern,백금 광택 내부 패턴,,,,,,,,,,,,,
224,cosmetic.chip_ghost.name,Ghost Signal,고스트 시그널,,,,,,,,,,,,,
225,cosmetic.chip_ghost.desc,Translucent hologram chip,반투명 홀로그램 칩,,,,,,,,,,,,,
226,cosmetic.chip_daily.name,Daily Mark,데일리 마크,,,,,,,,,,,,,
227,cosmetic.chip_daily.desc,Challenge-exclusive mark,챌린지 전용 마크,,,,,,,,,,,,,
228,cosmetic.lane_default.name,Circuit Rack,회로 랙,,,,,,,,,,,,,
229,cosmetic.lane_default.desc,Default dark card slot,기본 어두운 카드 슬롯,,,,,,,,,,,,,
230,cosmetic.lane_holo.name,Holographic,홀로그래픽,,,,,,,,,,,,,
231,cosmetic.lane_holo.desc,Holographic edge with light scatter,홀로그래픽 테두리와 빛 산란,,,,,,,,,,,,,
232,cosmetic.lane_bronze.name,Bronze Circuit,청동 회로,,,,,,,,,,,,,
233,cosmetic.lane_bronze.desc,Oxidized bronze circuit rail,청동 산화 회로 레일,,,,,,,,,,,,,
234,cosmetic.lane_crystal.name,Crystal Tower,크리스탈 타워,,,,,,,,,,,,,
235,cosmetic.lane_crystal.desc,Transparent crystal pillar,투명 수정 기둥,,,,,,,,,,,,,
236,cosmetic.lane_terminal.name,Green Terminal,그린 터미널,,,,,,,,,,,,,
237,cosmetic.lane_terminal.desc,Retro terminal green pipes,레트로 터미널 녹색 파이프,,,,,,,,,,,,,
238,cosmetic.lane_ghost.name,Ghost Lane,고스트 레인,,,,,,,,,,,,,
239,cosmetic.lane_ghost.desc,Translucent shadow lane,반투명 음영 레인,,,,,,,,,,,,,
240,cosmetic.board_default.name,Neo-Semi,네오 반도체,,,,,,,,,,,,,
241,cosmetic.board_default.desc,Default semiconductor neon board,기본 반도체 네온 보드,,,,,,,,,,,,,
242,cosmetic.board_void.name,Void,보이드,,,,,,,,,,,,,
243,cosmetic.board_void.desc,Minimal black grid,극도로 미니멀한 검정 그리드,,,,,,,,,,,,,
244,cosmetic.board_quantum.name,Quantum Field,퀀텀 필드,,,,,,,,,,,,,
245,cosmetic.board_quantum.desc,Quantum wave background with particles,양자 파동 배경과 파티클,,,,,,,,,,,,,
246,cosmetic.board_retro_dos.name,Retro DOS,레트로 도스,,,,,,,,,,,,,
247,cosmetic.board_retro_dos.desc,80s DOS terminal style,80년대 DOS 터미널 스타일,,,,,,,,,,,,,
248,cosmetic.board_circuit.name,Circuit Board,회로 보드,,,,,,,,,,,,,
249,cosmetic.board_circuit.desc,30-day attendance board,출석 30일 달성 보드,,,,,,,,,,,,,
250,cosmetic.board_vintage.name,Vintage Terminal,빈티지 터미널,,,,,,,,,,,,,
251,cosmetic.board_vintage.desc,Retro amber terminal,레트로 호박색 터미널,,,,,,,,,,,,,
252,cosmetic.board_collector.name,Collector's Edition,컬렉터 에디션,,,,,,,,,,,,,
253,cosmetic.board_collector.desc,All cosmetics collected,모든 코스메틱 수집 달성,,,,,,,,,,,,,
254,cosmetic.board_challenge.name,Signal Champion,시그널 챔피언,,,,,,,,,,,,,
255,cosmetic.board_challenge.desc,100-day challenge streak,챌린지 100일 스트릭,,,,,,,,,,,,,
256,popup.attendance.title,Today's Attendance,오늘의 출석 보상,,,,,,,,,,,,,
257,popup.attendance.today_reward,Today's reward,오늘 보상,,,,,,,,,,,,,
258,popup.attendance.btn_claim,Claim,보상 받기,,,,,,,,,,,,,
259,popup.attendance.day_fmt,D{0},D{0},,,,,,,,,,,,,
260,popup.attendance.streak_fmt,{0}-day streak,{0}일 연속,,,,,,,,,,,,,
261,home.badge.attendance,Attendance,출석 보상,,,,,,,,,,,,,
262,popup.achievement.title,Achievements,업적,,,,,,,,,,,,,
263,achievement.tab.progression,Progression,진행,,,,,,,,,,,,,
264,achievement.tab.skill,Skill,숙련,,,,,,,,,,,,,
265,achievement.tab.dedication,Dedication,참여,,,,,,,,,,,,,
266,achievement.tab.collection,Collection,수집,,,,,,,,,,,,,
267,achievement.btn_claim,Claim,보상 받기,,,,,,,,,,,,,
268,achievement.progress_fmt,{0}/{1},{0}/{1},,,,,,,,,,,,,
269,achievement.completed,Completed,달성,,,,,,,,,,,,,
270,toast.achievement_unlocked_fmt,Achievement: {0},업적 달성: {0},,,,,,,,,,,,,
271,ach.prg_01.name,First Signal,첫 신호,,,,,,,,,,,,,
272,ach.prg_01.desc,Clear stage 1,스테이지 1 클리어,,,,,,,,,,,,,
273,ach.prg_02.name,Chapter 1 Cleared,챕터 1 완주,,,,,,,,,,,,,
274,ach.prg_02.desc,Clear all of Chapter 1,챕터 1 모든 스테이지 클리어,,,,,,,,,,,,,
275,ach.prg_03.name,Chapter 3 Cleared,챕터 3 완주,,,,,,,,,,,,,
276,ach.prg_03.desc,Clear all of Chapter 3,챕터 3 모든 스테이지 클리어,,,,,,,,,,,,,
277,ach.prg_04.name,Chapter 5 Cleared,챕터 5 완주,,,,,,,,,,,,,
278,ach.prg_04.desc,Clear all of Chapter 5,챕터 5 모든 스테이지 클리어,,,,,,,,,,,,,
279,ach.prg_05.name,Breakthrough,챌린지 돌파구,,,,,,,,,,,,,
280,ach.prg_05.desc,Clear 5 challenge stages,챌린지 5스테이지 클리어,,,,,,,,,,,,,
281,ach.prg_06.name,Century,1백 클리어,,,,,,,,,,,,,
282,ach.prg_06.desc,Clear 100 stages total,누적 100회 스테이지 클리어,,,,,,,,,,,,,
283,ach.skl_01.name,No Assist,무보조 클리어,,,,,,,,,,,,,
284,ach.skl_01.desc,Clear a stage without boosters,부스터 없이 스테이지 클리어,,,,,,,,,,,,,
285,ach.skl_02.name,Pure Run,퓨어 런,,,,,,,,,,,,,
286,ach.skl_02.desc,Clear 5 stages without boosters,부스터 없이 5회 클리어,,,,,,,,,,,,,
287,ach.skl_03.name,Perfect Runner,퍼펙트 러너,,,,,,,,,,,,,
288,ach.skl_03.desc,Clear 20 stages without boosters,부스터 없이 20회 클리어,,,,,,,,,,,,,
289,ach.skl_04.name,Daily First,데일리 퍼스트,,,,,,,,,,,,,
290,ach.skl_04.desc,Reach rank 1 in a daily challenge,데일리 챌린지 1위 달성,,,,,,,,,,,,,
291,ach.skl_05.name,Record Breaker,최고 기록 갱신,,,,,,,,,,,,,
292,ach.skl_05.desc,Renew best moves 10 times,최고 기록 10회 갱신,,,,,,,,,,,,,
293,ach.skl_06.name,Precision Analyst,정밀 분석가,,,,,,,,,,,,,
294,ach.skl_06.desc,Top 10% moves in 10 stages,10개 스테이지 상위 10% 달성,,,,,,,,,,,,,
295,ach.ded_01.name,7-Day Login,7일 로그인,,,,,,,,,,,,,
296,ach.ded_01.desc,Log in 7 days in a row,7일 연속 접속,,,,,,,,,,,,,
297,ach.ded_02.name,30-Day Login,30일 로그인,,,,,,,,,,,,,
298,ach.ded_02.desc,Log in 30 days in a row,30일 연속 접속,,,,,,,,,,,,,
299,ach.ded_03.name,Challenge 7 Streak,챌린지 7연속,,,,,,,,,,,,,
300,ach.ded_03.desc,Clear daily challenge 7 days in a row,데일리 챌린지 7일 연속 클리어,,,,,,,,,,,,,
301,ach.ded_04.name,Challenge 30 Streak,챌린지 30연속,,,,,,,,,,,,,
302,ach.ded_04.desc,Clear daily challenge 30 days in a row,데일리 챌린지 30일 연속 클리어,,,,,,,,,,,,,
303,ach.ded_05.name,Shuffle-Free Week,셔플 없는 일주일,,,,,,,,,,,,,
304,ach.ded_05.desc,No Shuffle booster for 7 days,7일간 셔플 미사용,,,,,,,,,,,,,
305,ach.ded_06.name,100-Day Player,100일 플레이어,,,,,,,,,,,,,
306,ach.ded_06.desc,Log in 100 days total,누적 100일 접속,,,,,,,,,,,,,
307,ach.col_01.name,First Collection,첫 수집,,,,,,,,,,,,,
308,ach.col_01.desc,Unlock 1 avatar,아바타 1종 잠금 해제,,,,,,,,,,,,,
309,ach.col_02.name,Avatar Collector,아바타 수집가,,,,,,,,,,,,,
310,ach.col_02.desc,Unlock 5 avatars,아바타 5종 잠금 해제,,,,,,,,,,,,,
311,ach.col_03.name,Skin Initiate,스킨 입문,,,,,,,,,,,,,
312,ach.col_03.desc,Unlock 1 cosmetic,코스메틱 1종 잠금 해제,,,,,,,,,,,,,
313,ach.col_04.name,Cosmetic Fan,코스메틱 팬,,,,,,,,,,,,,
314,ach.col_04.desc,Unlock 5 cosmetics,코스메틱 5종 잠금 해제,,,,,,,,,,,,,
315,ach.col_05.name,Full Collector,풀 컬렉터,,,,,,,,,,,,,
316,ach.col_05.desc,Unlock all cosmetics,모든 코스메틱 잠금 해제,,,,,,,,,,,,,
317,popup.challenge.title,Today's Challenge,오늘의 챌린지,,,,,,,,,,,,,
318,popup.challenge.btn_start,Start Challenge,챌린지 시작,,,,,,,,,,,,,
319,popup.challenge.btn_ranking,View Ranking,오늘의 랭킹 보기,,,,,,,,,,,,,
320,popup.challenge.streak_fmt,{0}-day streak,{0}일 연속,,,,,,,,,,,,,
321,popup.challenge.participants_fmt,{0} players,참여자 {0}명,,,,,,,,,,,,,
322,popup.challenge.my_rank_fmt,Rank #{0},순위 #{0},,,,,,,,,,,,,
323,popup.challenge.moves_fmt,{0} moves,이동 {0}회,,,,,,,,,,,,,
324,home.badge.challenge,Challenge,챌린지,,,,,,,,,,,,,
325,ranking.tab.challenge,Challenge,챌린지,,,,,,,,,,,,,